ID,Category
image_00011.jpg,ruby-lipped cattleya
image_00014.jpg,black-eyed susan
image_00022.jpg,passion flower
image_00038.jpg,mexican petunia
image_00042.jpg,passion flower
image_00045.jpg,passion flower
image_00047.jpg,passion flower
image_00049.jpg,passion flower
image_00063.jpg,pink-yellow dahlia
image_00064.jpg,bee balm
image_00073.jpg,siam tulip
image_00077.jpg,desert-rose
image_00085.jpg,passion flower
image_00089.jpg,passion flower
image_00093.jpg,ruby-lipped cattleya
image_00094.jpg,passion flower
image_00110.jpg,passion flower
image_00111.jpg,poinsettia
image_00115.jpg,bearded iris
image_00122.jpg,carnation
image_00124.jpg,passion flower
image_00125.jpg,passion flower
image_00128.jpg,passion flower
image_00130.jpg,bearded iris
image_00138.jpg,spear thistle
image_00153.jpg,artichoke
image_00154.jpg,bishop of llandaff
image_00164.jpg,passion flower
image_00172.jpg,garden phlox
image_00175.jpg,watercress
image_00182.jpg,colt's foot
image_00183.jpg,passion flower
image_00213.jpg,common dandelion
image_00216.jpg,spring crocus
image_00228.jpg,passion flower
image_00231.jpg,hibiscus
image_00233.jpg,azalea
image_00235.jpg,carnation
image_00241.jpg,mexican petunia
image_00243.jpg,passion flower
image_00245.jpg,canna lily
image_00254.jpg,bougainvillea
image_00259.jpg,barbeton daisy
image_00267.jpg,thorn apple
image_00270.jpg,petunia
image_00275.jpg,black-eyed susan
image_00285.jpg,tree poppy
image_00292.jpg,water lily
image_00295.jpg,water lily
image_00296.jpg,water lily
image_00297.jpg,fritillary
image_00300.jpg,water lily
image_00302.jpg,hard-leaved pocket orchid
image_00309.jpg,love in the mist
image_00311.jpg,passion flower
image_00312.jpg,cyclamen
image_00314.jpg,primula
image_00317.jpg,frangipani
image_00318.jpg,monkshood
image_00331.jpg,cyclamen
image_00333.jpg,poinsettia
image_00336.jpg,cautleya spicata
image_00343.jpg,mexican petunia
image_00346.jpg,anthurium
image_00351.jpg,cape flower
image_00354.jpg,morning glory
image_00368.jpg,camellia
image_00381.jpg,water lily
image_00382.jpg,rose
image_00383.jpg,water lily
image_00385.jpg,buttercup
image_00391.jpg,snapdragon
image_00396.jpg,giant white arum lily
image_00398.jpg,water lily
image_00399.jpg,sweet william
image_00406.jpg,sword lily
image_00407.jpg,petunia
image_00410.jpg,water lily
image_00411.jpg,bird of paradise
image_00417.jpg,buttercup
image_00427.jpg,toad lily
image_00430.jpg,geranium
image_00443.jpg,ruby-lipped cattleya
image_00454.jpg,magnolia
image_00459.jpg,gazania
image_00468.jpg,bird of paradise
image_00471.jpg,pelargonium
image_00475.jpg,oxeye daisy
image_00496.jpg,rose
image_00500.jpg,cyclamen
image_00501.jpg,californian poppy
image_00502.jpg,bromelia
image_00503.jpg,frangipani
image_00505.jpg,frangipani
image_00508.jpg,cape flower
image_00509.jpg,tiger lily
image_00510.jpg,magnolia
image_00515.jpg,yellow iris
image_00517.jpg,pincushion flower
image_00519.jpg,frangipani
image_00536.jpg,sunflower
image_00539.jpg,osteospermum
image_00549.jpg,water lily
image_00550.jpg,monkshood
image_00557.jpg,cyclamen
image_00569.jpg,tree mallow
image_00578.jpg,stemless gentian
image_00581.jpg,poinsettia
image_00585.jpg,cyclamen
image_00588.jpg,foxglove
image_00592.jpg,corn poppy
image_00605.jpg,wallflower
image_00607.jpg,watercress
image_00608.jpg,watercress
image_00612.jpg,pink-yellow dahlia
image_00614.jpg,watercress
image_00621.jpg,watercress
image_00623.jpg,passion flower
image_00624.jpg,water lily
image_00631.jpg,watercress
image_00632.jpg,watercress
image_00646.jpg,watercress
image_00656.jpg,garden phlox
image_00659.jpg,mexican petunia
image_00669.jpg,sunflower
image_00672.jpg,rose
image_00683.jpg,trumpet creeper
image_00687.jpg,passion flower
image_00689.jpg,black-eyed susan
image_00704.jpg,bee balm
image_00706.jpg,sword lily
image_00707.jpg,tiger lily
image_00714.jpg,pelargonium
image_00727.jpg,watercress
image_00733.jpg,watercress
image_00735.jpg,trumpet creeper
image_00743.jpg,watercress
image_00750.jpg,lotus lotus
image_00752.jpg,watercress
image_00762.jpg,wallflower
image_00765.jpg,colt's foot
image_00770.jpg,cautleya spicata
image_00774.jpg,orange dahlia
image_00776.jpg,watercress
image_00785.jpg,frangipani
image_00786.jpg,pink-yellow dahlia
image_00787.jpg,desert-rose
image_00792.jpg,azalea
image_00796.jpg,sword lily
image_00797.jpg,primula
image_00805.jpg,water lily
image_00810.jpg,primula
image_00811.jpg,gazania
image_00829.jpg,frangipani
image_00834.jpg,californian poppy
image_00847.jpg,silverbush
image_00848.jpg,osteospermum
image_00849.jpg,marigold
image_00855.jpg,barbeton daisy
image_00856.jpg,columbine
image_00861.jpg,azalea
image_00867.jpg,carnation
image_00872.jpg,mexican petunia
image_00884.jpg,frangipani
image_00891.jpg,frangipani
image_00899.jpg,frangipani
image_00910.jpg,love in the mist
image_00915.jpg,giant white arum lily
image_00916.jpg,bearded iris
image_00917.jpg,petunia
image_00918.jpg,frangipani
image_00921.jpg,hippeastrum
image_00922.jpg,columbine
image_00934.jpg,bougainvillea
image_00945.jpg,giant white arum lily
image_00948.jpg,bishop of llandaff
image_00964.jpg,wallflower
image_00965.jpg,wallflower
image_00971.jpg,black-eyed susan
image_00985.jpg,gaura
image_00986.jpg,gazania
image_00998.jpg,windflower
image_01002.jpg,tree mallow
image_01005.jpg,osteospermum
image_01006.jpg,wallflower
image_01020.jpg,sword lily
image_01027.jpg,common dandelion
image_01031.jpg,bishop of llandaff
image_01032.jpg,bird of paradise
image_01034.jpg,prince of wales feathers
image_01036.jpg,bougainvillea
image_01037.jpg,wallflower
image_01039.jpg,wallflower
image_01040.jpg,wallflower
image_01044.jpg,wallflower
image_01052.jpg,wallflower
image_01057.jpg,grape hyacinth
image_01084.jpg,monkshood
image_01094.jpg,king protea
image_01098.jpg,wallflower
image_01100.jpg,camellia
image_01102.jpg,prince of wales feathers
image_01106.jpg,thorn apple
image_01108.jpg,gaura
image_01112.jpg,cyclamen
image_01120.jpg,wallflower
image_01128.jpg,desert-rose
image_01139.jpg,wallflower
image_01141.jpg,wallflower
image_01142.jpg,osteospermum
image_01148.jpg,spring crocus
image_01150.jpg,wallflower
image_01157.jpg,rose
image_01158.jpg,rose
image_01160.jpg,thorn apple
image_01162.jpg,giant white arum lily
image_01164.jpg,poinsettia
image_01168.jpg,barbeton daisy
image_01177.jpg,fire lily
image_01183.jpg,colt's foot
image_01185.jpg,rose
image_01186.jpg,rose
image_01190.jpg,anthurium
image_01198.jpg,bearded iris
image_01207.jpg,primula
image_01208.jpg,bird of paradise
image_01210.jpg,frangipani
image_01215.jpg,rose
image_01230.jpg,water lily
image_01233.jpg,rose
image_01243.jpg,marigold
image_01250.jpg,frangipani
image_01268.jpg,ball moss
image_01281.jpg,desert-rose
image_01284.jpg,rose
image_01291.jpg,bishop of llandaff
image_01297.jpg,trumpet creeper
image_01302.jpg,canterbury bells
image_01311.jpg,oxeye daisy
image_01318.jpg,oxeye daisy
image_01330.jpg,clematis
image_01331.jpg,petunia
image_01333.jpg,petunia
image_01338.jpg,blanket flower
image_01344.jpg,petunia
image_01345.jpg,frangipani
image_01347.jpg,hippeastrum
image_01350.jpg,petunia
image_01364.jpg,petunia
image_01369.jpg,petunia
image_01374.jpg,hibiscus
image_01381.jpg,petunia
image_01383.jpg,petunia
image_01384.jpg,californian poppy
image_01385.jpg,rose
image_01390.jpg,petunia
image_01395.jpg,petunia
image_01397.jpg,cyclamen
image_01403.jpg,passion flower
image_01416.jpg,lotus lotus
image_01417.jpg,sunflower
image_01420.jpg,artichoke
image_01428.jpg,english marigold
image_01436.jpg,petunia
image_01440.jpg,watercress
image_01451.jpg,petunia
image_01472.jpg,trumpet creeper
image_01476.jpg,petunia
image_01477.jpg,bougainvillea
image_01485.jpg,petunia
image_01489.jpg,orange dahlia
image_01495.jpg,love in the mist
image_01503.jpg,globe thistle
image_01513.jpg,alpine sea holly
image_01545.jpg,wallflower
image_01554.jpg,mexican petunia
image_01569.jpg,poinsettia
image_01570.jpg,yellow iris
image_01581.jpg,poinsettia
image_01582.jpg,camellia
image_01595.jpg,clematis
image_01619.jpg,great masterwort
image_01621.jpg,barbeton daisy
image_01627.jpg,tree poppy
image_01629.jpg,balloon flower
image_01630.jpg,grape hyacinth
image_01643.jpg,ruby-lipped cattleya
image_01645.jpg,clematis
image_01647.jpg,bougainvillea
image_01651.jpg,oxeye daisy
image_01654.jpg,balloon flower
image_01657.jpg,artichoke
image_01674.jpg,windflower
image_01675.jpg,passion flower
image_01683.jpg,tree mallow
image_01687.jpg,watercress
image_01693.jpg,cape flower
image_01709.jpg,hibiscus
image_01713.jpg,hibiscus
image_01717.jpg,buttercup
image_01729.jpg,tree mallow
image_01732.jpg,hibiscus
image_01738.jpg,giant white arum lily
image_01739.jpg,watercress
image_01741.jpg,corn poppy
image_01747.jpg,yellow iris
image_01753.jpg,thorn apple
image_01758.jpg,camellia
image_01768.jpg,hibiscus
image_01769.jpg,hibiscus
image_01778.jpg,wallflower
image_01779.jpg,hibiscus
image_01782.jpg,bougainvillea
image_01784.jpg,corn poppy
image_01787.jpg,poinsettia
image_01796.jpg,black-eyed susan
image_01802.jpg,red ginger
image_01815.jpg,camellia
image_01817.jpg,hibiscus
image_01824.jpg,petunia
image_01835.jpg,cape flower
image_01846.jpg,lotus lotus
image_01847.jpg,frangipani
image_01858.jpg,lotus lotus
image_01859.jpg,lotus lotus
image_01865.jpg,petunia
image_01867.jpg,tree poppy
image_01868.jpg,frangipani
image_01871.jpg,japanese anemone
image_01875.jpg,sword lily
image_01901.jpg,trumpet creeper
image_01905.jpg,petunia
image_01906.jpg,lenten rose
image_01913.jpg,lotus lotus
image_01915.jpg,clematis
image_01918.jpg,bishop of llandaff
image_01940.jpg,snapdragon
image_01946.jpg,mallow
image_01954.jpg,snapdragon
image_01958.jpg,lotus lotus
image_01961.jpg,azalea
image_01962.jpg,pink-yellow dahlia
image_01970.jpg,anthurium
image_01978.jpg,english marigold
image_01986.jpg,love in the mist
image_02001.jpg,bromelia
image_02007.jpg,spring crocus
image_02018.jpg,anthurium
image_02019.jpg,sword lily
image_02022.jpg,silverbush
image_02024.jpg,anthurium
image_02027.jpg,pelargonium
image_02028.jpg,frangipani
image_02034.jpg,azalea
image_02039.jpg,giant white arum lily
image_02044.jpg,pelargonium
image_02054.jpg,garden phlox
image_02066.jpg,foxglove
image_02074.jpg,sunflower
image_02079.jpg,common dandelion
image_02080.jpg,thorn apple
image_02082.jpg,common dandelion
image_02087.jpg,blackberry lily
image_02101.jpg,desert-rose
image_02102.jpg,water lily
image_02104.jpg,watercress
image_02105.jpg,azalea
image_02109.jpg,mallow
image_02113.jpg,petunia
image_02117.jpg,bromelia
image_02123.jpg,hibiscus
image_02128.jpg,mallow
image_02137.jpg,sword lily
image_02141.jpg,azalea
image_02149.jpg,gazania
image_02152.jpg,windflower
image_02160.jpg,moon orchid
image_02165.jpg,gazania
image_02169.jpg,prince of wales feathers
image_02175.jpg,windflower
image_02178.jpg,ball moss
image_02180.jpg,thorn apple
image_02181.jpg,pink primrose
image_02182.jpg,globe-flower
image_02183.jpg,petunia
image_02184.jpg,buttercup
image_02186.jpg,columbine
image_02192.jpg,silverbush
image_02208.jpg,buttercup
image_02210.jpg,globe thistle
image_02213.jpg,cape flower
image_02215.jpg,pincushion flower
image_02217.jpg,ruby-lipped cattleya
image_02220.jpg,wild pansy
image_02231.jpg,hard-leaved pocket orchid
image_02232.jpg,barbeton daisy
image_02234.jpg,marigold
image_02238.jpg,gaura
image_02239.jpg,king protea
image_02240.jpg,snapdragon
image_02243.jpg,petunia
image_02249.jpg,wallflower
image_02262.jpg,hippeastrum
image_02264.jpg,water lily
image_02272.jpg,hippeastrum
image_02281.jpg,fritillary
image_02288.jpg,bougainvillea
image_02291.jpg,great masterwort
image_02298.jpg,magnolia
image_02300.jpg,bolero deep blue
image_02303.jpg,buttercup
image_02317.jpg,tree mallow
image_02318.jpg,trumpet creeper
image_02319.jpg,monkshood
image_02326.jpg,bougainvillea
image_02331.jpg,geranium
image_02334.jpg,rose
image_02337.jpg,passion flower
image_02340.jpg,fritillary
image_02341.jpg,columbine
image_02347.jpg,cyclamen
image_02355.jpg,black-eyed susan
image_02356.jpg,prince of wales feathers
image_02363.jpg,spear thistle
image_02366.jpg,watercress
image_02367.jpg,anthurium
image_02368.jpg,daffodil
image_02373.jpg,japanese anemone
image_02376.jpg,buttercup
image_02392.jpg,azalea
image_02398.jpg,sword lily
image_02405.jpg,toad lily
image_02406.jpg,buttercup
image_02414.jpg,bougainvillea
image_02417.jpg,frangipani
image_02418.jpg,cyclamen
image_02425.jpg,clematis
image_02432.jpg,grape hyacinth
image_02447.jpg,ruby-lipped cattleya
image_02448.jpg,ball moss
image_02450.jpg,red ginger
image_02451.jpg,artichoke
image_02465.jpg,barbeton daisy
image_02470.jpg,frangipani
image_02476.jpg,morning glory
image_02489.jpg,bougainvillea
image_02491.jpg,poinsettia
image_02492.jpg,azalea
image_02493.jpg,sword lily
image_02495.jpg,siam tulip
image_02498.jpg,cyclamen
image_02504.jpg,bishop of llandaff
image_02505.jpg,cyclamen
image_02513.jpg,ball moss
image_02514.jpg,artichoke
image_02515.jpg,geranium
image_02521.jpg,cape flower
image_02522.jpg,giant white arum lily
image_02525.jpg,water lily
image_02527.jpg,sweet pea
image_02528.jpg,rose
image_02533.jpg,marigold
image_02535.jpg,morning glory
image_02537.jpg,poinsettia
image_02547.jpg,morning glory
image_02549.jpg,morning glory
image_02552.jpg,morning glory
image_02558.jpg,fire lily
image_02567.jpg,azalea
image_02573.jpg,cautleya spicata
image_02574.jpg,oxeye daisy
image_02584.jpg,rose
image_02588.jpg,wild pansy
image_02602.jpg,cape flower
image_02603.jpg,passion flower
image_02610.jpg,passion flower
image_02621.jpg,hard-leaved pocket orchid
image_02622.jpg,primula
image_02624.jpg,cyclamen
image_02628.jpg,wallflower
image_02635.jpg,windflower
image_02638.jpg,balloon flower
image_02639.jpg,bougainvillea
image_02646.jpg,buttercup
image_02656.jpg,common dandelion
image_02660.jpg,lenten rose
image_02673.jpg,geranium
image_02675.jpg,tree poppy
image_02682.jpg,colt's foot
image_02684.jpg,passion flower
image_02688.jpg,geranium
image_02691.jpg,pincushion flower
image_02692.jpg,geranium
image_02698.jpg,lotus lotus
image_02701.jpg,cyclamen
image_02706.jpg,fire lily
image_02707.jpg,blackberry lily
image_02708.jpg,bishop of llandaff
image_02709.jpg,geranium
image_02711.jpg,pelargonium
image_02714.jpg,wallflower
image_02717.jpg,barbeton daisy
image_02726.jpg,hard-leaved pocket orchid
image_02732.jpg,camellia
image_02741.jpg,yellow iris
image_02744.jpg,bougainvillea
image_02747.jpg,ball moss
image_02755.jpg,frangipani
image_02759.jpg,tree mallow
image_02762.jpg,garden phlox
image_02764.jpg,water lily
image_02767.jpg,pink-yellow dahlia
image_02771.jpg,thorn apple
image_02773.jpg,hard-leaved pocket orchid
image_02786.jpg,canna lily
image_02789.jpg,wallflower
image_02790.jpg,bishop of llandaff
image_02799.jpg,bishop of llandaff
image_02807.jpg,carnation
image_02814.jpg,geranium
image_02816.jpg,wallflower
image_02817.jpg,mexican aster
image_02824.jpg,cape flower
image_02830.jpg,ruby-lipped cattleya
image_02842.jpg,wild pansy
image_02843.jpg,osteospermum
image_02845.jpg,desert-rose
image_02847.jpg,daffodil
image_02856.jpg,giant white arum lily
image_02858.jpg,bishop of llandaff
image_02860.jpg,rose
image_02889.jpg,ruby-lipped cattleya
image_02895.jpg,silverbush
image_02906.jpg,watercress
image_02914.jpg,columbine
image_02915.jpg,anthurium
image_02916.jpg,cautleya spicata
image_02922.jpg,great masterwort
image_02925.jpg,pink-yellow dahlia
image_02930.jpg,pink-yellow dahlia
image_02937.jpg,fritillary
image_02938.jpg,pink-yellow dahlia
image_02952.jpg,gazania
image_02953.jpg,lenten rose
image_02959.jpg,tree poppy
image_02961.jpg,passion flower
image_02963.jpg,pink-yellow dahlia
image_02964.jpg,osteospermum
image_02965.jpg,pink-yellow dahlia
image_02966.jpg,hibiscus
image_02973.jpg,cape flower
image_02975.jpg,peruvian lily
image_02976.jpg,blackberry lily
image_02980.jpg,english marigold
image_02981.jpg,bee balm
image_02984.jpg,marigold
image_02993.jpg,spring crocus
image_03002.jpg,pink-yellow dahlia
image_03005.jpg,tree poppy
image_03006.jpg,pink-yellow dahlia
image_03009.jpg,pelargonium
image_03016.jpg,petunia
image_03018.jpg,tiger lily
image_03021.jpg,pink-yellow dahlia
image_03023.jpg,english marigold
image_03046.jpg,pincushion flower
image_03050.jpg,love in the mist
image_03060.jpg,wild pansy
image_03063.jpg,mallow
image_03065.jpg,love in the mist
image_03066.jpg,sword lily
image_03076.jpg,mallow
image_03089.jpg,thorn apple
image_03091.jpg,bee balm
image_03096.jpg,poinsettia
image_03101.jpg,sweet william
image_03103.jpg,rose
image_03104.jpg,watercress
image_03107.jpg,wallflower
image_03122.jpg,azalea
image_03124.jpg,camellia
image_03134.jpg,blackberry lily
image_03155.jpg,spear thistle
image_03159.jpg,passion flower
image_03168.jpg,foxglove
image_03179.jpg,fire lily
image_03181.jpg,azalea
image_03187.jpg,cyclamen
image_03190.jpg,camellia
image_03194.jpg,californian poppy
image_03207.jpg,mallow
image_03216.jpg,ball moss
image_03219.jpg,tree poppy
image_03231.jpg,sword lily
image_03239.jpg,californian poppy
image_03246.jpg,great masterwort
image_03249.jpg,alpine sea holly
image_03256.jpg,camellia
image_03259.jpg,cape flower
image_03271.jpg,siam tulip
image_03281.jpg,petunia
image_03283.jpg,thorn apple
image_03287.jpg,spring crocus
image_03288.jpg,bromelia
image_03289.jpg,black-eyed susan
image_03293.jpg,water lily
image_03300.jpg,anthurium
image_03306.jpg,lotus lotus
image_03321.jpg,purple coneflower
image_03334.jpg,bird of paradise
image_03338.jpg,lotus lotus
image_03342.jpg,ruby-lipped cattleya
image_03354.jpg,red ginger
image_03362.jpg,foxglove
image_03367.jpg,wild pansy
image_03371.jpg,spear thistle
image_03373.jpg,californian poppy
image_03376.jpg,cape flower
image_03378.jpg,english marigold
image_03384.jpg,desert-rose
image_03386.jpg,osteospermum
image_03389.jpg,barbeton daisy
image_03394.jpg,balloon flower
image_03399.jpg,tree poppy
image_03408.jpg,buttercup
image_03419.jpg,pink-yellow dahlia
image_03420.jpg,watercress
image_03425.jpg,fritillary
image_03427.jpg,fritillary
image_03430.jpg,sword lily
image_03434.jpg,camellia
image_03438.jpg,ball moss
image_03439.jpg,windflower
image_03441.jpg,wallflower
image_03450.jpg,wild pansy
image_03452.jpg,grape hyacinth
image_03453.jpg,king protea
image_03458.jpg,pink primrose
image_03461.jpg,pink primrose
image_03486.jpg,frangipani
image_03497.jpg,watercress
image_03499.jpg,foxglove
image_03502.jpg,purple coneflower
image_03508.jpg,frangipani
image_03513.jpg,sword lily
image_03515.jpg,wild pansy
image_03516.jpg,ball moss
image_03519.jpg,thorn apple
image_03530.jpg,watercress
image_03539.jpg,orange dahlia
image_03540.jpg,sweet william
image_03545.jpg,cape flower
image_03555.jpg,orange dahlia
image_03559.jpg,yellow iris
image_03574.jpg,common dandelion
image_03576.jpg,trumpet creeper
image_03584.jpg,bird of paradise
image_03585.jpg,love in the mist
image_03586.jpg,azalea
image_03588.jpg,pincushion flower
image_03590.jpg,frangipani
image_03594.jpg,petunia
image_03601.jpg,watercress
image_03610.jpg,sweet pea
image_03617.jpg,water lily
image_03618.jpg,blanket flower
image_03619.jpg,snapdragon
image_03634.jpg,hibiscus
image_03638.jpg,siam tulip
image_03640.jpg,frangipani
image_03667.jpg,marigold
image_03675.jpg,sweet william
image_03680.jpg,mexican petunia
image_03683.jpg,barbeton daisy
image_03690.jpg,yellow iris
image_03693.jpg,anthurium
image_03699.jpg,hippeastrum
image_03702.jpg,primula
image_03705.jpg,sweet william
image_03728.jpg,water lily
image_03740.jpg,cape flower
image_03749.jpg,spear thistle
image_03754.jpg,peruvian lily
image_03759.jpg,globe-flower
image_03760.jpg,marigold
image_03770.jpg,buttercup
image_03775.jpg,marigold
image_03779.jpg,globe thistle
image_03780.jpg,passion flower
image_03782.jpg,fritillary
image_03785.jpg,morning glory
image_03786.jpg,pelargonium
image_03787.jpg,watercress
image_03796.jpg,japanese anemone
image_03797.jpg,alpine sea holly
image_03816.jpg,water lily
image_03829.jpg,canna lily
image_03831.jpg,osteospermum
image_03832.jpg,english marigold
image_03834.jpg,wild pansy
image_03845.jpg,tree mallow
image_03854.jpg,bolero deep blue
image_03866.jpg,sweet william
image_03877.jpg,toad lily
image_03881.jpg,passion flower
image_03884.jpg,purple coneflower
image_03885.jpg,tiger lily
image_03888.jpg,hard-leaved pocket orchid
image_03889.jpg,cyclamen
image_03891.jpg,clematis
image_03898.jpg,purple coneflower
image_03900.jpg,ruby-lipped cattleya
image_03902.jpg,pink-yellow dahlia
image_03904.jpg,wallflower
image_03907.jpg,osteospermum
image_03912.jpg,mexican aster
image_03914.jpg,rose
image_03920.jpg,petunia
image_03922.jpg,thorn apple
image_03933.jpg,passion flower
image_03934.jpg,bearded iris
image_03935.jpg,pink primrose
image_03936.jpg,petunia
image_03940.jpg,bolero deep blue
image_03942.jpg,cyclamen
image_03958.jpg,petunia
image_03959.jpg,petunia
image_03969.jpg,yellow iris
image_03971.jpg,petunia
image_03974.jpg,fritillary
image_03975.jpg,primula
image_03982.jpg,passion flower
image_04003.jpg,blackberry lily
image_04008.jpg,pink primrose
image_04015.jpg,morning glory
image_04040.jpg,colt's foot
image_04045.jpg,pink primrose
image_04047.jpg,rose
image_04050.jpg,gazania
image_04055.jpg,english marigold
image_04056.jpg,red ginger
image_04058.jpg,sweet pea
image_04060.jpg,colt's foot
image_04062.jpg,cautleya spicata
image_04064.jpg,water lily
image_04066.jpg,black-eyed susan
image_04067.jpg,english marigold
image_04070.jpg,osteospermum
image_04076.jpg,sword lily
image_04084.jpg,magnolia
image_04087.jpg,water lily
image_04088.jpg,magnolia
image_04089.jpg,sunflower
image_04091.jpg,giant white arum lily
image_04094.jpg,frangipani
image_04101.jpg,pink-yellow dahlia
image_04102.jpg,geranium
image_04103.jpg,azalea
image_04116.jpg,tree mallow
image_04119.jpg,purple coneflower
image_04123.jpg,bougainvillea
image_04130.jpg,bishop of llandaff
image_04136.jpg,rose
image_04149.jpg,marigold
image_04161.jpg,bishop of llandaff
image_04165.jpg,magnolia
image_04166.jpg,canterbury bells
image_04171.jpg,common dandelion
image_04174.jpg,wallflower
image_04180.jpg,wild pansy
image_04182.jpg,clematis
image_04185.jpg,morning glory
image_04186.jpg,bird of paradise
image_04193.jpg,toad lily
image_04199.jpg,hard-leaved pocket orchid
image_04201.jpg,petunia
image_04205.jpg,wild pansy
image_04206.jpg,bee balm
image_04216.jpg,oxeye daisy
image_04222.jpg,barbeton daisy
image_04229.jpg,columbine
image_04231.jpg,orange dahlia
image_04232.jpg,mexican petunia
image_04235.jpg,rose
image_04238.jpg,bearded iris
image_04241.jpg,bird of paradise
image_04249.jpg,fritillary
image_04253.jpg,watercress
image_04259.jpg,oxeye daisy
image_04269.jpg,globe-flower
image_04279.jpg,ball moss
image_04280.jpg,tiger lily
image_04281.jpg,peruvian lily
image_04284.jpg,canna lily
image_04287.jpg,geranium
image_04291.jpg,cyclamen
image_04294.jpg,sword lily
image_04295.jpg,petunia
image_04307.jpg,cyclamen
image_04314.jpg,tree mallow
image_04316.jpg,passion flower
image_04325.jpg,passion flower
image_04332.jpg,prince of wales feathers
image_04335.jpg,camellia
image_04340.jpg,ruby-lipped cattleya
image_04342.jpg,silverbush
image_04346.jpg,ruby-lipped cattleya
image_04347.jpg,marigold
image_04348.jpg,balloon flower
image_04352.jpg,purple coneflower
image_04366.jpg,bougainvillea
image_04369.jpg,azalea
image_04371.jpg,water lily
image_04379.jpg,windflower
image_04383.jpg,primula
image_04387.jpg,tree poppy
image_04393.jpg,buttercup
image_04409.jpg,cyclamen
image_04412.jpg,cyclamen
image_04425.jpg,bolero deep blue
image_04439.jpg,tree mallow
image_04440.jpg,lotus lotus
image_04441.jpg,buttercup
image_04445.jpg,camellia
image_04447.jpg,bishop of llandaff
image_04449.jpg,petunia
image_04460.jpg,bromelia
image_04462.jpg,frangipani
image_04478.jpg,garden phlox
image_04479.jpg,petunia
image_04493.jpg,artichoke
image_04498.jpg,rose
image_04500.jpg,barbeton daisy
image_04503.jpg,yellow iris
image_04505.jpg,gazania
image_04507.jpg,fritillary
image_04513.jpg,petunia
image_04516.jpg,hippeastrum
image_04517.jpg,desert-rose
image_04521.jpg,artichoke
image_04535.jpg,osteospermum
image_04547.jpg,camellia
image_04551.jpg,artichoke
image_04554.jpg,cyclamen
image_04556.jpg,siam tulip
image_04562.jpg,pincushion flower
image_04572.jpg,thorn apple
image_04579.jpg,mallow
image_04581.jpg,blackberry lily
image_04591.jpg,english marigold
image_04597.jpg,tiger lily
image_04599.jpg,water lily
image_04606.jpg,clematis
image_04607.jpg,colt's foot
image_04612.jpg,watercress
image_04614.jpg,tree poppy
image_04615.jpg,colt's foot
image_04618.jpg,bishop of llandaff
image_04620.jpg,hippeastrum
image_04622.jpg,mexican petunia
image_04624.jpg,oxeye daisy
image_04625.jpg,peruvian lily
image_04634.jpg,colt's foot
image_04635.jpg,foxglove
image_04639.jpg,lotus lotus
image_04642.jpg,pink primrose
image_04650.jpg,lotus lotus
image_04654.jpg,giant white arum lily
image_04661.jpg,common dandelion
image_04666.jpg,sunflower
image_04673.jpg,hard-leaved pocket orchid
image_04674.jpg,cyclamen
image_04689.jpg,bougainvillea
image_04696.jpg,hippeastrum
image_04699.jpg,sweet william
image_04711.jpg,geranium
image_04719.jpg,purple coneflower
image_04732.jpg,columbine
image_04736.jpg,great masterwort
image_04738.jpg,osteospermum
image_04739.jpg,passion flower
image_04745.jpg,thorn apple
image_04755.jpg,fritillary
image_04760.jpg,love in the mist
image_04778.jpg,tree mallow
image_04779.jpg,globe thistle
image_04780.jpg,watercress
image_04789.jpg,petunia
image_04800.jpg,pink-yellow dahlia
image_04804.jpg,californian poppy
image_04823.jpg,barbeton daisy
image_04834.jpg,passion flower
image_04842.jpg,canterbury bells
image_04845.jpg,canna lily
image_04865.jpg,cape flower
image_04869.jpg,love in the mist
image_04880.jpg,fritillary
image_04885.jpg,passion flower
image_04887.jpg,geranium
image_04891.jpg,stemless gentian
image_04892.jpg,columbine
image_04898.jpg,mallow
image_04904.jpg,giant white arum lily
image_04909.jpg,grape hyacinth
image_04914.jpg,grape hyacinth
image_04926.jpg,great masterwort
image_04928.jpg,moon orchid
image_04931.jpg,sunflower
image_04932.jpg,sweet pea
image_04937.jpg,daffodil
image_04942.jpg,primula
image_04943.jpg,bougainvillea
image_04946.jpg,buttercup
image_04955.jpg,petunia
image_04959.jpg,moon orchid
image_04960.jpg,globe-flower
image_04965.jpg,mallow
image_04967.jpg,californian poppy
image_04970.jpg,hibiscus
image_04971.jpg,cautleya spicata
image_04977.jpg,silverbush
image_04979.jpg,cape flower
image_04980.jpg,marigold
image_04981.jpg,passion flower
image_04987.jpg,cyclamen
image_04989.jpg,bromelia
image_04990.jpg,water lily
image_04992.jpg,alpine sea holly
image_04996.jpg,sweet william
image_05012.jpg,tiger lily
image_05023.jpg,cyclamen
image_05024.jpg,hibiscus
image_05026.jpg,buttercup
image_05034.jpg,rose
image_05037.jpg,purple coneflower
image_05041.jpg,foxglove
image_05042.jpg,lotus lotus
image_05054.jpg,trumpet creeper
image_05058.jpg,passion flower
image_05061.jpg,rose
image_05065.jpg,bromelia
image_05068.jpg,orange dahlia
image_05101.jpg,hard-leaved pocket orchid
image_05103.jpg,primula
image_05104.jpg,trumpet creeper
image_05113.jpg,trumpet creeper
image_05122.jpg,barbeton daisy
image_05128.jpg,buttercup
image_05141.jpg,petunia
image_05142.jpg,mexican petunia
image_05143.jpg,peruvian lily
image_05144.jpg,hippeastrum
image_05149.jpg,tree poppy
image_05155.jpg,water lily
image_05163.jpg,lenten rose
image_05168.jpg,english marigold
image_05173.jpg,bee balm
image_05175.jpg,petunia
image_05179.jpg,azalea
image_05180.jpg,moon orchid
image_05181.jpg,prince of wales feathers
image_05191.jpg,great masterwort
image_05195.jpg,japanese anemone
image_05196.jpg,japanese anemone
image_05200.jpg,bromelia
image_05202.jpg,lotus lotus
image_05203.jpg,desert-rose
image_05208.jpg,hippeastrum
image_05212.jpg,spring crocus
image_05215.jpg,clematis
image_05217.jpg,passion flower
image_05218.jpg,lotus lotus
image_05229.jpg,love in the mist
image_05237.jpg,buttercup
image_05240.jpg,petunia
image_05243.jpg,desert-rose
image_05252.jpg,bishop of llandaff
image_05256.jpg,sweet pea
image_05260.jpg,clematis
image_05266.jpg,cyclamen
image_05278.jpg,petunia
image_05279.jpg,ruby-lipped cattleya
image_05285.jpg,tree poppy
image_05289.jpg,rose
image_05306.jpg,bishop of llandaff
image_05307.jpg,cyclamen
image_05309.jpg,buttercup
image_05314.jpg,rose
image_05319.jpg,pincushion flower
image_05323.jpg,hard-leaved pocket orchid
image_05332.jpg,colt's foot
image_05334.jpg,water lily
image_05336.jpg,clematis
image_05338.jpg,californian poppy
image_05344.jpg,bougainvillea
image_05345.jpg,love in the mist
image_05353.jpg,canna lily
image_05355.jpg,gaura
image_05356.jpg,corn poppy
image_05364.jpg,purple coneflower
image_05367.jpg,anthurium
image_05378.jpg,geranium
image_05380.jpg,camellia
image_05381.jpg,mexican petunia
image_05384.jpg,primula
image_05388.jpg,passion flower
image_05394.jpg,wild pansy
image_05395.jpg,alpine sea holly
image_05403.jpg,bishop of llandaff
image_05414.jpg,cyclamen
image_05418.jpg,trumpet creeper
image_05422.jpg,sunflower
image_05425.jpg,hippeastrum
image_05436.jpg,mexican petunia
image_05438.jpg,ruby-lipped cattleya
image_05445.jpg,ball moss
image_05449.jpg,sunflower
image_05460.jpg,tree mallow
image_05480.jpg,artichoke
image_05482.jpg,king protea
image_05483.jpg,sunflower
image_05494.jpg,blanket flower
image_05495.jpg,wallflower
image_05507.jpg,watercress
image_05521.jpg,yellow iris
image_05523.jpg,blanket flower
image_05532.jpg,thorn apple
image_05534.jpg,stemless gentian
image_05538.jpg,bearded iris
image_05548.jpg,morning glory
image_05550.jpg,desert-rose
image_05556.jpg,gazania
image_05559.jpg,balloon flower
image_05561.jpg,alpine sea holly
image_05563.jpg,bearded iris
image_05568.jpg,passion flower
image_05573.jpg,peruvian lily
image_05575.jpg,cyclamen
image_05579.jpg,geranium
image_05584.jpg,cautleya spicata
image_05589.jpg,ball moss
image_05593.jpg,buttercup
image_05596.jpg,passion flower
image_05600.jpg,peruvian lily
image_05601.jpg,pincushion flower
image_05617.jpg,marigold
image_05635.jpg,mexican aster
image_05650.jpg,water lily
image_05652.jpg,thorn apple
image_05654.jpg,petunia
image_05656.jpg,monkshood
image_05661.jpg,azalea
image_05662.jpg,frangipani
image_05666.jpg,barbeton daisy
image_05669.jpg,passion flower
image_05679.jpg,mexican petunia
image_05680.jpg,wallflower
image_05686.jpg,rose
image_05687.jpg,bee balm
image_05688.jpg,king protea
image_05691.jpg,watercress
image_05692.jpg,monkshood
image_05702.jpg,poinsettia
image_05705.jpg,sweet william
image_05708.jpg,buttercup
image_05715.jpg,pink primrose
image_05716.jpg,camellia
image_05725.jpg,blanket flower
image_05734.jpg,passion flower
image_05738.jpg,gaura
image_05740.jpg,daffodil
image_05753.jpg,prince of wales feathers
image_05757.jpg,barbeton daisy
image_05758.jpg,petunia
image_05759.jpg,marigold
image_05766.jpg,poinsettia
image_05768.jpg,foxglove
image_05776.jpg,sunflower
image_05779.jpg,bearded iris
image_05781.jpg,foxglove
image_05786.jpg,yellow iris
image_05801.jpg,clematis
image_05803.jpg,geranium
image_05807.jpg,sweet pea
image_05809.jpg,orange dahlia
image_05817.jpg,cyclamen
image_05818.jpg,trumpet creeper
image_05820.jpg,fire lily
image_05830.jpg,giant white arum lily
image_05837.jpg,cyclamen
image_05854.jpg,buttercup
image_05859.jpg,pelargonium
image_05871.jpg,daffodil
image_05873.jpg,canna lily
image_05877.jpg,wallflower
image_05892.jpg,hibiscus
image_05899.jpg,fritillary
image_05905.jpg,king protea
image_05908.jpg,silverbush
image_05914.jpg,wild pansy
image_05928.jpg,buttercup
image_05929.jpg,cape flower
image_05930.jpg,rose
image_05945.jpg,foxglove
image_05953.jpg,alpine sea holly
image_05957.jpg,wallflower
image_05960.jpg,bird of paradise
image_05973.jpg,gaura
image_05976.jpg,bougainvillea
image_05984.jpg,petunia
image_05986.jpg,blackberry lily
image_05996.jpg,marigold
image_05998.jpg,rose
image_05999.jpg,orange dahlia
image_06000.jpg,ruby-lipped cattleya
image_06004.jpg,bee balm
image_06006.jpg,hibiscus
image_06013.jpg,peruvian lily
image_06020.jpg,lotus lotus
image_06022.jpg,trumpet creeper
image_06024.jpg,tree poppy
image_06025.jpg,pink primrose
image_06026.jpg,pink-yellow dahlia
image_06032.jpg,frangipani
image_06036.jpg,foxglove
image_06040.jpg,purple coneflower
image_06046.jpg,hibiscus
image_06049.jpg,bird of paradise
image_06053.jpg,japanese anemone
image_06057.jpg,wallflower
image_06063.jpg,frangipani
image_06065.jpg,purple coneflower
image_06068.jpg,camellia
image_06079.jpg,spear thistle
image_06086.jpg,pincushion flower
image_06090.jpg,geranium
image_06097.jpg,azalea
image_06113.jpg,buttercup
image_06115.jpg,californian poppy
image_06116.jpg,columbine
image_06117.jpg,mexican petunia
image_06125.jpg,daffodil
image_06135.jpg,grape hyacinth
image_06136.jpg,gaura
image_06137.jpg,silverbush
image_06139.jpg,passion flower
image_06142.jpg,english marigold
image_06148.jpg,thorn apple
image_06162.jpg,frangipani
image_06169.jpg,camellia
image_06171.jpg,foxglove
image_06174.jpg,magnolia
image_06177.jpg,rose
image_06180.jpg,blanket flower
image_06189.jpg,silverbush
image_06198.jpg,passion flower
image_06204.jpg,geranium
image_06210.jpg,pincushion flower
image_06227.jpg,barbeton daisy
image_06229.jpg,lotus lotus
image_06239.jpg,pink-yellow dahlia
image_06241.jpg,anthurium
image_06243.jpg,tiger lily
image_06247.jpg,lotus lotus
image_06259.jpg,foxglove
image_06264.jpg,geranium
image_06277.jpg,tree mallow
image_06281.jpg,columbine
image_06295.jpg,frangipani
image_06299.jpg,frangipani
image_06313.jpg,marigold
image_06315.jpg,bearded iris
image_06336.jpg,daffodil
image_06345.jpg,giant white arum lily
image_06352.jpg,carnation
image_06361.jpg,magnolia
image_06379.jpg,cyclamen
image_06384.jpg,frangipani
image_06400.jpg,cyclamen
image_06402.jpg,azalea
image_06408.jpg,bougainvillea
image_06412.jpg,rose
image_06414.jpg,azalea
image_06416.jpg,spear thistle
image_06419.jpg,hibiscus
image_06421.jpg,rose
image_06427.jpg,great masterwort
image_06428.jpg,geranium
image_06435.jpg,globe thistle
image_06436.jpg,colt's foot
image_06439.jpg,tree poppy
image_06443.jpg,poinsettia
image_06447.jpg,wallflower
image_06448.jpg,colt's foot
image_06449.jpg,petunia
image_06450.jpg,watercress
image_06451.jpg,orange dahlia
image_06455.jpg,balloon flower
image_06458.jpg,great masterwort
image_06462.jpg,barbeton daisy
image_06463.jpg,tiger lily
image_06469.jpg,thorn apple
image_06471.jpg,monkshood
image_06480.jpg,monkshood
image_06489.jpg,spring crocus
image_06501.jpg,canterbury bells
image_06512.jpg,oxeye daisy
image_06517.jpg,spring crocus
image_06519.jpg,great masterwort
image_06528.jpg,blackberry lily
image_06529.jpg,monkshood
image_06532.jpg,great masterwort
image_06558.jpg,trumpet creeper
image_06559.jpg,sweet william
image_06560.jpg,wallflower
image_06565.jpg,cape flower
image_06578.jpg,tree mallow
image_06585.jpg,gazania
image_06596.jpg,blanket flower
image_06598.jpg,geranium
image_06600.jpg,californian poppy
image_06610.jpg,morning glory
image_06616.jpg,wallflower
image_06621.jpg,barbeton daisy
image_06623.jpg,bolero deep blue
image_06625.jpg,petunia
image_06626.jpg,ball moss
image_06630.jpg,colt's foot
image_06636.jpg,primula
image_06639.jpg,rose
image_06642.jpg,magnolia
image_06643.jpg,pelargonium
image_06645.jpg,cyclamen
image_06662.jpg,canna lily
image_06668.jpg,colt's foot
image_06672.jpg,hibiscus
image_06674.jpg,thorn apple
image_06675.jpg,balloon flower
image_06677.jpg,columbine
image_06686.jpg,red ginger
image_06692.jpg,frangipani
image_06698.jpg,geranium
image_06707.jpg,tree poppy
image_06709.jpg,clematis
image_06716.jpg,fritillary
image_06724.jpg,yellow iris
image_06730.jpg,globe thistle
image_06731.jpg,red ginger
image_06732.jpg,primula
image_06739.jpg,hibiscus
image_06744.jpg,artichoke
image_06745.jpg,morning glory
image_06759.jpg,fire lily
image_06765.jpg,morning glory
image_06767.jpg,sword lily
image_06770.jpg,azalea
image_06771.jpg,monkshood
image_06773.jpg,king protea
image_06774.jpg,buttercup
image_06778.jpg,tiger lily
image_06779.jpg,watercress
image_06781.jpg,orange dahlia
image_06783.jpg,bee balm
image_06786.jpg,king protea
image_06787.jpg,thorn apple
image_06796.jpg,passion flower
image_06799.jpg,bearded iris
image_06813.jpg,monkshood
image_06816.jpg,prince of wales feathers
image_06818.jpg,columbine
image_06827.jpg,buttercup
image_06838.jpg,silverbush
image_06843.jpg,water lily
image_06853.jpg,hippeastrum
image_06859.jpg,giant white arum lily
image_06863.jpg,black-eyed susan
image_06865.jpg,pelargonium
image_06875.jpg,osteospermum
image_06882.jpg,siam tulip
image_06883.jpg,rose
image_06888.jpg,bougainvillea
image_06897.jpg,hippeastrum
image_06902.jpg,spring crocus
image_06904.jpg,californian poppy
image_06908.jpg,frangipani
image_06917.jpg,thorn apple
image_06924.jpg,bird of paradise
image_06928.jpg,artichoke
image_06934.jpg,purple coneflower
image_06947.jpg,water lily
image_06948.jpg,foxglove
image_06952.jpg,water lily
image_06953.jpg,black-eyed susan
image_06957.jpg,wallflower
image_06963.jpg,passion flower
image_06970.jpg,stemless gentian
image_06975.jpg,hard-leaved pocket orchid
image_06979.jpg,pink-yellow dahlia
image_06999.jpg,thorn apple
image_07015.jpg,passion flower
image_07023.jpg,pincushion flower
image_07028.jpg,wallflower
image_07045.jpg,colt's foot
image_07046.jpg,watercress
image_07049.jpg,japanese anemone
image_07051.jpg,sword lily
image_07055.jpg,petunia
image_07058.jpg,colt's foot
image_07059.jpg,monkshood
image_07065.jpg,bearded iris
image_07069.jpg,primula
image_07075.jpg,purple coneflower
image_07081.jpg,yellow iris
image_07083.jpg,osteospermum
image_07085.jpg,marigold
image_07091.jpg,sweet pea
image_07093.jpg,buttercup
image_07094.jpg,cyclamen
image_07098.jpg,barbeton daisy
image_07109.jpg,daffodil
image_07121.jpg,love in the mist
image_07129.jpg,ball moss
image_07135.jpg,love in the mist
image_07136.jpg,black-eyed susan
image_07143.jpg,columbine
image_07145.jpg,orange dahlia
image_07151.jpg,wallflower
image_07152.jpg,anthurium
image_07156.jpg,thorn apple
image_07161.jpg,petunia
image_07163.jpg,lotus lotus
image_07164.jpg,fire lily
image_07170.jpg,fritillary
image_07177.jpg,gazania
image_07178.jpg,hard-leaved pocket orchid
image_07180.jpg,bird of paradise
image_07187.jpg,ball moss
image_07189.jpg,colt's foot
image_07204.jpg,mallow
image_07212.jpg,watercress
image_07216.jpg,windflower
image_07237.jpg,hard-leaved pocket orchid
image_07238.jpg,sweet pea
image_07254.jpg,tree poppy
image_07258.jpg,clematis
image_07268.jpg,spear thistle
image_07273.jpg,thorn apple
image_07279.jpg,petunia
image_07281.jpg,gazania
image_07292.jpg,cape flower
image_07313.jpg,siam tulip
image_07319.jpg,monkshood
image_07326.jpg,artichoke
image_07335.jpg,foxglove
image_07337.jpg,foxglove
image_07344.jpg,passion flower
image_07349.jpg,mexican aster
image_07350.jpg,bird of paradise
image_07368.jpg,ball moss
image_07369.jpg,bougainvillea
image_07371.jpg,bishop of llandaff
image_07378.jpg,passion flower
image_07384.jpg,foxglove
image_07390.jpg,foxglove
image_07391.jpg,common dandelion
image_07403.jpg,foxglove
image_07408.jpg,canterbury bells
image_07410.jpg,passion flower
image_07414.jpg,colt's foot
image_07416.jpg,foxglove
image_07423.jpg,wild pansy
image_07427.jpg,sunflower
image_07431.jpg,magnolia
image_07438.jpg,foxglove
image_07444.jpg,orange dahlia
image_07455.jpg,siam tulip
image_07456.jpg,foxglove
image_07459.jpg,osteospermum
image_07469.jpg,californian poppy
image_07473.jpg,sword lily
image_07476.jpg,ball moss
image_07477.jpg,rose
image_07483.jpg,bird of paradise
image_07486.jpg,californian poppy
image_07488.jpg,red ginger
image_07497.jpg,spring crocus
image_07500.jpg,blackberry lily
image_07504.jpg,californian poppy
image_07515.jpg,yellow iris
image_07527.jpg,clematis
image_07535.jpg,canna lily
image_07539.jpg,peruvian lily
image_07541.jpg,bishop of llandaff
image_07543.jpg,buttercup
image_07552.jpg,wallflower
image_07564.jpg,petunia
image_07569.jpg,lotus lotus
image_07577.jpg,pink primrose
image_07579.jpg,prince of wales feathers
image_07585.jpg,prince of wales feathers
image_07589.jpg,foxglove
image_07608.jpg,giant white arum lily
image_07620.jpg,magnolia
image_07633.jpg,buttercup
image_07637.jpg,marigold
image_07640.jpg,rose
image_07643.jpg,petunia
image_07656.jpg,trumpet creeper
image_07670.jpg,monkshood
image_07674.jpg,cyclamen
image_07680.jpg,pelargonium
image_07684.jpg,ruby-lipped cattleya
image_07695.jpg,camellia
image_07697.jpg,great masterwort
image_07700.jpg,bougainvillea
image_07712.jpg,passion flower
image_07713.jpg,geranium
image_07726.jpg,marigold
image_07729.jpg,windflower
image_07739.jpg,wallflower
image_07748.jpg,poinsettia
image_07760.jpg,bishop of llandaff
image_07761.jpg,carnation
image_07764.jpg,petunia
image_07765.jpg,cyclamen
image_07769.jpg,camellia
image_07775.jpg,purple coneflower
image_07776.jpg,mexican petunia
image_07783.jpg,lenten rose
image_07785.jpg,desert-rose
image_07793.jpg,balloon flower
image_07803.jpg,english marigold
image_07805.jpg,lotus lotus
image_07807.jpg,petunia
image_07813.jpg,globe thistle
image_07814.jpg,mexican petunia
image_07815.jpg,columbine
image_07821.jpg,marigold
image_07824.jpg,bearded iris
image_07829.jpg,common dandelion
image_07835.jpg,passion flower
image_07846.jpg,hippeastrum
image_07849.jpg,artichoke
image_07860.jpg,passion flower
image_07861.jpg,bromelia
image_07870.jpg,lenten rose
image_07880.jpg,gazania
image_07885.jpg,clematis
image_07890.jpg,hibiscus
image_07908.jpg,wallflower
image_07911.jpg,bird of paradise
image_07912.jpg,globe-flower
image_07922.jpg,purple coneflower
image_07927.jpg,rose
image_07934.jpg,bee balm
image_07940.jpg,red ginger
image_07941.jpg,wild pansy
image_07944.jpg,artichoke
image_07951.jpg,cyclamen
image_07953.jpg,petunia
image_07954.jpg,giant white arum lily
image_07960.jpg,frangipani
image_07967.jpg,carnation
image_07972.jpg,sword lily
image_07974.jpg,marigold
image_07978.jpg,snapdragon
image_07979.jpg,azalea
image_07990.jpg,bromelia
image_07999.jpg,blanket flower
image_08001.jpg,californian poppy
image_08022.jpg,anthurium
image_08035.jpg,siam tulip
image_08039.jpg,fritillary
image_08043.jpg,spear thistle
image_08044.jpg,cape flower
image_08046.jpg,hibiscus
image_08047.jpg,azalea
image_08051.jpg,snapdragon
image_08052.jpg,wallflower
image_08056.jpg,pelargonium
image_08057.jpg,globe-flower
image_08058.jpg,mexican petunia
image_08062.jpg,cape flower
image_08068.jpg,poinsettia
image_08074.jpg,cautleya spicata
image_08078.jpg,pincushion flower
image_08080.jpg,cyclamen
image_08081.jpg,petunia
image_08085.jpg,osteospermum
image_08118.jpg,bougainvillea
image_08122.jpg,anthurium
image_08124.jpg,barbeton daisy
image_08128.jpg,mallow
image_08135.jpg,petunia
image_08145.jpg,barbeton daisy
image_08168.jpg,sweet pea
image_08169.jpg,common dandelion
